Workbook

Sheet BOM Additions
A1: BOM Post-Release Addition Tracker | U1: Procurement Use
A2: # | B2: Job No. | C2: Job Description | D2: BOM Release Date | E2: Addition Date | F2: Days After Release | G2: Part No. | H2: Part Description | I2: Qty | J2: Unit Cost (AUD) | K2: Total Cost (AUD) | L2: Reason Code | M2: Requested By | N2: Approved By | O2: Procurement Status | P2: Supplier | Q2: PO Number | R2: Required By | S2: Expected Delivery | T2: Actual Delivery | U2: Delivery Status | V2: Notes
A3: =ROW()-2 | B3: 801254 | C3: Aviation Refueller Mk4 | D3: 46231 | E3: 46239 | F3: =IF(AND(D3<>"",E3<>""),E3-D3,"") | G3: HYD-SEAL-088 | H3: Hydraulic seal kit — actuator arm | I3: 2 | J3: 145 | K3: =IF(AND(I3<>"",J3<>""),I3*J3,"") | L3: Engineering Change | M3: T. Wallace | N3: G. Kalms | O3: Ordered | P3: Hydraforce Pty Ltd | Q3: PO-2026-0412 | R3: 46254 | S3: 46252 | U3: =IF(T3<>"","Received",IF(AND(S3<>"",S3<TODAY()),"⚠ Overdue","On Track")) | V3: Required before cab assembly — flagged by engineering 4/8
A4: =IF(B4<>"",ROW()-2,"") | B4: 801235 | F4: =IF(AND(D4<>"",E4<>""),E4-D4,"") | G4: 10000-10-12 | I4: 1 | J4: 23.89 | K4: =IF(AND(I4<>"",J4<>""),I4*J4,"") | O4: Complete | P4: FROM STOCK | U4: =IF(T4<>"","Received",IF(AND(S4<>"",S4<TODAY()),"⚠ Overdue","On Track"))
A5: =IF(B5<>"",ROW()-2,"") | B5: 801236 | F5: =IF(AND(D5<>"",E5<>""),E5-D5,"") | G5: 10000-10-12 | I5: 1 | J5: 23.89 | K5: =IF(AND(I5<>"",J5<>""),I5*J5,"") | O5: Complete | P5: FROM STOCK | U5: =IF(T5<>"","Received",IF(AND(S5<>"",S5<TODAY()),"⚠ Overdue","On Track"))
A6: =IF(B6<>"",ROW()-2,"") | B6: 801235 | F6: =IF(AND(D6<>"",E6<>""),E6-D6,"") | G6: 10000-10-35 | I6: 2 | J6: 99.24 | K6: =IF(AND(I6<>"",J6<>""),I6*J6,"") | O6: Complete | P6: FROM STOCK | U6: =IF(T6<>"","Received",IF(AND(S6<>"",S6<TODAY()),"⚠ Overdue","On Track"))
A7: =IF(B7<>"",ROW()-2,"") | B7: 801236 | F7: =IF(AND(D7<>"",E7<>""),E7-D7,"") | G7: 10000-10-35 | I7: 2 | J7: 99.24 | K7: =IF(AND(I7<>"",J7<>""),I7*J7,"") | O7: Complete | P7: FROM STOCK | U7: =IF(T7<>"","Received",IF(AND(S7<>"",S7<TODAY()),"⚠ Overdue","On Track"))
A8: =IF(B8<>"",ROW()-2,"") | B8: 801235 | F8: =IF(AND(D8<>"",E8<>""),E8-D8,"") | G8: 10000-10-37 | I8: 1 | J8: 24 | K8: =IF(AND(I8<>"",J8<>""),I8*J8,"") | O8: Complete | P8: FROM STOCK | U8: =IF(T8<>"","Received",IF(AND(S8<>"",S8<TODAY()),"⚠ Overdue","On Track"))
A9: =IF(B9<>"",ROW()-2,"") | B9: 801236 | F9: =IF(AND(D9<>"",E9<>""),E9-D9,"") | G9: 10000-10-37 | I9: 1 | J9: 24 | K9: =IF(AND(I9<>"",J9<>""),I9*J9,"") | O9: Complete | P9: FROM STOCK | U9: =IF(T9<>"","Received",IF(AND(S9<>"",S9<TODAY()),"⚠ Overdue","On Track"))
A10: =IF(B10<>"",ROW()-2,"") | B10: 801235 | F10: =IF(AND(D10<>"",E10<>""),E10-D10,"") | G10: 10000-10-67 | I10: 1 | J10: 4.84 | K10: =IF(AND(I10<>"",J10<>""),I10*J10,"") | O10: Complete | P10: FROM STOCK | U10: =IF(T10<>"","Received",IF(AND(S10<>"",S10<TODAY()),"⚠ Overdue","On Track"))
A11: =IF(B11<>"",ROW()-2,"") | B11: 801236 | F11: =IF(AND(D11<>"",E11<>""),E11-D11,"") | G11: 10000-10-67 | I11: 1 | J11: 4.84 | K11: =IF(AND(I11<>"",J11<>""),I11*J11,"") | O11: Complete | P11: FROM STOCK | U11: =IF(T11<>"","Received",IF(AND(S11<>"",S11<TODAY()),"⚠ Overdue","On Track"))
A12: =IF(B12<>"",ROW()-2,"") | B12: 801216 | F12: =IF(AND(D12<>"",E12<>""),E12-D12,"") | G12: 25699-FLOW | H12: FLOW LABEL | I12: 1 | J12: 71.5 | K12: =IF(AND(I12<>"",J12<>""),I12*J12,"") | M12: Sri | O12: Ordered | P12: Niddrie | Q12: PO119955 | U12: =IF(T12<>"","Received",IF(AND(S12<>"",S12<TODAY()),"⚠ Overdue","On Track"))
A13: =IF(B13<>"",ROW()-2,"") | B13: 801217 | F13: =IF(AND(D13<>"",E13<>""),E13-D13,"") | G13: 25699-FLOW | H13: FLOW LABEL | I13: 1 | J13: 71.5 | K13: =IF(AND(I13<>"",J13<>""),I13*J13,"") | M13: Sri | O13: Ordered | P13: Niddrie | Q13: PO119955 | U13: =IF(T13<>"","Received",IF(AND(S13<>"",S13<TODAY()),"⚠ Overdue","On Track"))
A14: =IF(B14<>"",ROW()-2,"") | B14: 801218 | F14: =IF(AND(D14<>"",E14<>""),E14-D14,"") | G14: 25699-FLOW | H14: FLOW LABEL | I14: 1 | J14: 71.5 | K14: =IF(AND(I14<>"",J14<>""),I14*J14,"") | M14: Sri | O14: Ordered | P14: Niddrie | Q14: PO119955 | U14: =IF(T14<>"","Received",IF(AND(S14<>"",S14<TODAY()),"⚠ Overdue","On Track"))
A15: =IF(B15<>"",ROW()-2,"") | B15: 801219 | F15: =IF(AND(D15<>"",E15<>""),E15-D15,"") | G15: 25699-FLOW | H15: FLOW LABEL | I15: 1 | J15: 71.5 | K15: =IF(AND(I15<>"",J15<>""),I15*J15,"") | M15: Sri | O15: Ordered | P15: Niddrie | Q15: PO119955 | U15: =IF(T15<>"","Received",IF(AND(S15<>"",S15<TODAY()),"⚠ Overdue","On Track"))
A16: =IF(B16<>"",ROW()-2,"") | B16: 801237 | F16: =IF(AND(D16<>"",E16<>""),E16-D16,"") | G16: 25699-FLOW | H16: FLOW LABEL | I16: 1 | J16: 71.5 | K16: =IF(AND(I16<>"",J16<>""),I16*J16,"") | M16: Sri | O16: Ordered | P16: Niddrie | Q16: PO119955 | U16: =IF(T16<>"","Received",IF(AND(S16<>"",S16<TODAY()),"⚠ Overdue","On Track"))
A17: =IF(B17<>"",ROW()-2,"") | B17: 801238 | F17: =IF(AND(D17<>"",E17<>""),E17-D17,"") | G17: 25699-FLOW | H17: FLOW LABEL | I17: 1 | J17: 71.5 | K17: =IF(AND(I17<>"",J17<>""),I17*J17,"") | M17: Sri | O17: Ordered | P17: Niddrie | Q17: PO119955 | U17: =IF(T17<>"","Received",IF(AND(S17<>"",S17<TODAY()),"⚠ Overdue","On Track"))
A18: =IF(B18<>"",ROW()-2,"") | B18: 801239 | F18: =IF(AND(D18<>"",E18<>""),E18-D18,"") | G18: 25699-FLOW | H18: FLOW LABEL | I18: 1 | J18: 71.5 | K18: =IF(AND(I18<>"",J18<>""),I18*J18,"") | M18: Sri | O18: Ordered | P18: Niddrie | Q18: PO119955 | U18: =IF(T18<>"","Received",IF(AND(S18<>"",S18<TODAY()),"⚠ Overdue","On Track"))
A19: =IF(B19<>"",ROW()-2,"") | B19: 801240 | F19: =IF(AND(D19<>"",E19<>""),E19-D19,"") | G19: 25699-FLOW | H19: FLOW LABEL | I19: 1 | J19: 71.5 | K19: =IF(AND(I19<>"",J19<>""),I19*J19,"") | M19: Sri | O19: Ordered | P19: Niddrie | Q19: PO119955 | U19: =IF(T19<>"","Received",IF(AND(S19<>"",S19<TODAY()),"⚠ Overdue","On Track"))
A20: =IF(B20<>"",ROW()-2,"") | B20: 801241 | F20: =IF(AND(D20<>"",E20<>""),E20-D20,"") | G20: 25699-FLOW | H20: FLOW LABEL | I20: 1 | J20: 71.5 | K20: =IF(AND(I20<>"",J20<>""),I20*J20,"") | M20: Sri | O20: Ordered | P20: Niddrie | Q20: PO119955 | U20: =IF(T20<>"","Received",IF(AND(S20<>"",S20<TODAY()),"⚠ Overdue","On Track"))
A21: =IF(B21<>"",ROW()-2,"") | B21: 801241 | F21: =IF(AND(D21<>"",E21<>""),E21-D21,"") | G21: 3000-03-05 | H21: DEADMAN HANDLE TRAY LARGE | I21: 1 | J21: 118.72 | K21: =IF(AND(I21<>"",J21<>""),I21*J21,"") | O21: Ordered | P21: HUNT | Q21: PO119947 | U21: =IF(T21<>"","Received",IF(AND(S21<>"",S21<TODAY()),"⚠ Overdue","On Track"))
A22: =IF(B22<>"",ROW()-2,"") | B22: 801241 | F22: =IF(AND(D22<>"",E22<>""),E22-D22,"") | G22: 3000-32-161 | H22: BRACKET VALVE OPERATION LABEL FLAT 4" MANNTEK | I22: 1 | J22: 6.8 | K22: =IF(AND(I22<>"",J22<>""),I22*J22,"") | O22: Ordered | P22: HUNT | Q22: PO119948 | U22: =IF(T22<>"","Received",IF(AND(S22<>"",S22<TODAY()),"⚠ Overdue","On Track"))
A23: =IF(B23<>"",ROW()-2,"") | B23: 801241 | F23: =IF(AND(D23<>"",E23<>""),E23-D23,"") | G23: 3000-32-55 | H23: VALVE OPERATION LABEL BRACKET | I23: 3 | J23: 14.95 | K23: =IF(AND(I23<>"",J23<>""),I23*J23,"") | O23: Ordered | P23: HUNT | Q23: PO119949 | U23: =IF(T23<>"","Received",IF(AND(S23<>"",S23<TODAY()),"⚠ Overdue","On Track"))
A24: =IF(B24<>"",ROW()-2,"") | B24: 801216 | F24: =IF(AND(D24<>"",E24<>""),E24-D24,"") | G24: 4600-06-18 | H24: OPW295 OVERWING NOZZLE INTERLOCK BRACKET | I24: 1 | J24: 148.64 | K24: =IF(AND(I24<>"",J24<>""),I24*J24,"") | O24: Ordered | P24: HUNT | Q24: PO119947 | U24: =IF(T24<>"","Received",IF(AND(S24<>"",S24<TODAY()),"⚠ Overdue","On Track"))
A25: =IF(B25<>"",ROW()-2,"") | B25: 801217 | F25: =IF(AND(D25<>"",E25<>""),E25-D25,"") | G25: 4600-06-18 | H25: OPW295 OVERWING NOZZLE INTERLOCK BRACKET | I25: 1 | J25: 148.64 | K25: =IF(AND(I25<>"",J25<>""),I25*J25,"") | O25: Ordered | P25: HUNT | Q25: PO119948 | U25: =IF(T25<>"","Received",IF(AND(S25<>"",S25<TODAY()),"⚠ Overdue","On Track"))
A26: =IF(B26<>"",ROW()-2,"") | B26: 801218 | F26: =IF(AND(D26<>"",E26<>""),E26-D26,"") | G26: 4600-06-18 | H26: OPW295 OVERWING NOZZLE INTERLOCK BRACKET | I26: 1 | J26: 148.64 | K26: =IF(AND(I26<>"",J26<>""),I26*J26,"") | O26: Ordered | P26: HUNT | Q26: PO119949 | U26: =IF(T26<>"","Received",IF(AND(S26<>"",S26<TODAY()),"⚠ Overdue","On Track"))
A27: =IF(B27<>"",ROW()-2,"") | B27: 801219 | F27: =IF(AND(D27<>"",E27<>""),E27-D27,"") | G27: 4600-06-18 | H27: OPW295 OVERWING NOZZLE INTERLOCK BRACKET | I27: 1 | J27: 148.64 | K27: =IF(AND(I27<>"",J27<>""),I27*J27,"") | O27: Ordered | P27: HUNT | Q27: PO119950 | U27: =IF(T27<>"","Received",IF(AND(S27<>"",S27<TODAY()),"⚠ Overdue","On Track"))
A28: =IF(B28<>"",ROW()-2,"") | B28: 801237 | F28: =IF(AND(D28<>"",E28<>""),E28-D28,"") | G28: 4600-06-18 | H28: OPW295 OVERWING NOZZLE INTERLOCK BRACKET | I28: 1 | J28: 148.64 | K28: =IF(AND(I28<>"",J28<>""),I28*J28,"") | O28: Ordered | P28: HUNT | Q28: PO119951 | U28: =IF(T28<>"","Received",IF(AND(S28<>"",S28<TODAY()),"⚠ Overdue","On Track"))
A29: =IF(B29<>"",ROW()-2,"") | B29: 801238 | F29: =IF(AND(D29<>"",E29<>""),E29-D29,"") | G29: 4600-06-18 | H29: OPW295 OVERWING NOZZLE INTERLOCK BRACKET | I29: 1 | J29: 148.64 | K29: =IF(AND(I29<>"",J29<>""),I29*J29,"") | O29: Ordered | P29: HUNT | Q29: PO119952 | U29: =IF(T29<>"","Received",IF(AND(S29<>"",S29<TODAY()),"⚠ Overdue","On Track"))
A30: =IF(B30<>"",ROW()-2,"") | B30: 801239 | F30: =IF(AND(D30<>"",E30<>""),E30-D30,"") | G30: 4600-06-18 | H30: OPW295 OVERWING NOZZLE INTERLOCK BRACKET | I30: 1 | J30: 148.64 | K30: =IF(AND(I30<>"",J30<>""),I30*J30,"") | O30: Ordered | P30: HUNT | Q30: PO119953 | U30: =IF(T30<>"","Received",IF(AND(S30<>"",S30<TODAY()),"⚠ Overdue","On Track"))
A31: =IF(B31<>"",ROW()-2,"") | B31: 801240 | F31: =IF(AND(D31<>"",E31<>""),E31-D31,"") | G31: 4600-06-18 | H31: OPW295 OVERWING NOZZLE INTERLOCK BRACKET | I31: 1 | J31: 148.64 | K31: =IF(AND(I31<>"",J31<>""),I31*J31,"") | O31: Ordered | P31: HUNT | Q31: PO119954 | U31: =IF(T31<>"","Received",IF(AND(S31<>"",S31<TODAY()),"⚠ Overdue","On Track"))
A32: =IF(B32<>"",ROW()-2,"") | B32: 801235 | F32: =IF(AND(D32<>"",E32<>""),E32-D32,"") | G32: 50700100086 | H32: GASKET ISO 7707 4 HOLE DIAM80 10000-10-103 | I32: 1 | J32: 2.1 | K32: =IF(AND(I32<>"",J32<>""),I32*J32,"") | O32: Ordered | P32: OMFB | Q32: PO120110 | U32: =IF(T32<>"","Received",IF(AND(S32<>"",S32<TODAY()),"⚠ Overdue","On Track"))
... A34: =IF(B34<>"",ROW()-2,"") | B34: 801267 | F34: =IF(AND(D34<>"",E34<>""),E34-D34,"") | G34: 6000-08-63 | H34: LOGO PANEL : SWIVEL REEL LADDER STOWAGE | I34: 1 | J34: 172.86 | K34: =IF(AND(I34<>"",J34<>""),I34*J34,"") | O34: Ordered | P34: HUNT | Q34: PO120112 | U34: =IF(T34<>"","Received",IF(AND(S34<>"",S34<TODAY()),"⚠ Overdue","On Track"))
A35: =IF(B35<>"",ROW()-2,"") | B35: 801269 | F35: =IF(AND(D35<>"",E35<>""),E35-D35,"") | G35: 6020-02-19 | H35: DOUBLE SHEAR LINK PLT-ZP BLUE | I35: 1 | J35: 24.9 | K35: =IF(AND(I35<>"",J35<>""),I35*J35,"") | M35: saurabh | O35: Ordered | P35: HUNT | Q35: PO120254 | U35: =IF(T35<>"","Received",IF(AND(S35<>"",S35<TODAY()),"⚠ Overdue","On Track"))
A36: =IF(B36<>"",ROW()-2,"") | B36: 801270 | F36: =IF(AND(D36<>"",E36<>""),E36-D36,"") | G36: 6020-02-19 | H36: DOUBLE SHEAR LINK PLT-ZP BLUE | I36: 1 | J36: 24.9 | K36: =IF(AND(I36<>"",J36<>""),I36*J36,"") | O36: Ordered | P36: HUNT | Q36: PO120255 | U36: =IF(T36<>"","Received",IF(AND(S36<>"",S36<TODAY()),"⚠ Overdue","On Track"))
A37: =IF(B37<>"",ROW()-2,"") | B37: 801235 | F37: =IF(AND(D37<>"",E37<>""),E37-D37,"") | G37: 7000-06-138 | H37: CONTROL PANEL LABEL | I37: 1 | J37: 275 | K37: =IF(AND(I37<>"",J37<>""),I37*J37,"") | O37: Ordered | P37: EMTAN | Q37: PO119240 | U37: =IF(T37<>"","Received",IF(AND(S37<>"",S37<TODAY()),"⚠ Overdue","On Track"))
A38: =IF(B38<>"",ROW()-2,"") | B38: 801236 | F38: =IF(AND(D38<>"",E38<>""),E38-D38,"") | G38: 7000-06-138 | H38: CONTROL PANEL LABEL | I38: 1 | J38: 275 | K38: =IF(AND(I38<>"",J38<>""),I38*J38,"") | O38: Ordered | P38: EMTAN | Q38: PO119240 | U38: =IF(T38<>"","Received",IF(AND(S38<>"",S38<TODAY()),"⚠ Overdue","On Track"))
A39: =IF(B39<>"",ROW()-2,"") | B39: 801281 | F39: =IF(AND(D39<>"",E39<>""),E39-D39,"") | G39: 7000-29-07 | H39: BRACKET DB MOUNT TO CONTROL PANEL | I39: 1 | K39: =IF(AND(I39<>"",J39<>""),I39*J39,"") | M39: saurabh | O39: Ordered | P39: HUNT | Q39: PO12055 | U39: =IF(T39<>"","Received",IF(AND(S39<>"",S39<TODAY()),"⚠ Overdue","On Track"))
A40: =IF(B40<>"",ROW()-2,"") | B40: 801281 | F40: =IF(AND(D40<>"",E40<>""),E40-D40,"") | G40: 7000-29-08 | H40: BRACKET SIGN PANEL DB COVER | I40: 1 | K40: =IF(AND(I40<>"",J40<>""),I40*J40,"") | M40: saurabh | O40: Ordered | P40: HUNT | Q40: PO12055 | U40: =IF(T40<>"","Received",IF(AND(S40<>"",S40<TODAY()),"⚠ Overdue","On Track"))
A41: =IF(B41<>"",ROW()-2,"") | B41: 801281 | F41: =IF(AND(D41<>"",E41<>""),E41-D41,"") | G41: 7000-29-09 | H41: BRACKET DB MOUNT | I41: 1 | K41: =IF(AND(I41<>"",J41<>""),I41*J41,"") | M41: saurabh | O41: Ordered | P41: HUNT | Q41: PO12055 | U41: =IF(T41<>"","Received",IF(AND(S41<>"",S41<TODAY()),"⚠ Overdue","On Track"))
A42: =IF(B42<>"",ROW()-2,"") | B42: 801241 | F42: =IF(AND(D42<>"",E42<>""),E42-D42,"") | G42: 7000-30-238 | H42: BRACKET - BALL VALVE LABEL FLAT SUIT 3" MANNTEK | I42: 1 | J42: 10.57 | K42: =IF(AND(I42<>"",J42<>""),I42*J42,"") | O42: Ordered | P42: HUNT | Q42: PO119950 | U42: =IF(T42<>"","Received",IF(AND(S42<>"",S42<TODAY()),"⚠ Overdue","On Track"))
A43: =IF(B43<>"",ROW()-2,"") | B43: 801216 | F43: =IF(AND(D43<>"",E43<>""),E43-D43,"") | G43: 7000-30-315 | H43: NIPPLE TOE SS G316 BSPT 1/2" | I43: 1 | J43: 11.64 | K43: =IF(AND(I43<>"",J43<>""),I43*J43,"") | O43: Ordered | P43: HUNT | Q43: PO119947 | U43: =IF(T43<>"","Received",IF(AND(S43<>"",S43<TODAY()),"⚠ Overdue","On Track"))
A44: =IF(B44<>"",ROW()-2,"") | B44: 801217 | F44: =IF(AND(D44<>"",E44<>""),E44-D44,"") | G44: 7000-30-315 | H44: BRACKET PRESSURE SWITCH COVER | I44: 1 | J44: 11.64 | K44: =IF(AND(I44<>"",J44<>""),I44*J44,"") | O44: Ordered | P44: HUNT | Q44: PO119948 | U44: =IF(T44<>"","Received",IF(AND(S44<>"",S44<TODAY()),"⚠ Overdue","On Track"))
A45: =IF(B45<>"",ROW()-2,"") | B45: 801218 | F45: =IF(AND(D45<>"",E45<>""),E45-D45,"") | G45: 7000-30-315 | H45: BRACKET PRESSURE SWITCH COVER | I45: 1 | J45: 11.64 | K45: =IF(AND(I45<>"",J45<>""),I45*J45,"") | O45: Ordered | P45: HUNT | Q45: PO119949 | U45: =IF(T45<>"","Received",IF(AND(S45<>"",S45<TODAY()),"⚠ Overdue","On Track"))
A46: =IF(B46<>"",ROW()-2,"") | B46: 801219 | F46: =IF(AND(D46<>"",E46<>""),E46-D46,"") | G46: 7000-30-315 | H46: BRACKET PRESSURE SWITCH COVER | I46: 1 | J46: 11.64 | K46: =IF(AND(I46<>"",J46<>""),I46*J46,"") | O46: Ordered | P46: HUNT | Q46: PO119950 | U46: =IF(T46<>"","Received",IF(AND(S46<>"",S46<TODAY()),"⚠ Overdue","On Track"))
A47: =IF(B47<>"",ROW()-2,"") | B47: 801237 | F47: =IF(AND(D47<>"",E47<>""),E47-D47,"") | G47: 7000-30-315 | H47: BRACKET PRESSURE SWITCH COVER | I47: 1 | J47: 11.64 | K47: =IF(AND(I47<>"",J47<>""),I47*J47,"") | O47: Ordered | P47: HUNT | Q47: PO119951 | U47: =IF(T47<>"","Received",IF(AND(S47<>"",S47<TODAY()),"⚠ Overdue","On Track"))
A48: =IF(B48<>"",ROW()-2,"") | B48: 801238 | F48: =IF(AND(D48<>"",E48<>""),E48-D48,"") | G48: 7000-30-315 | H48: BRACKET PRESSURE SWITCH COVER | I48: 1 | J48: 11.64 | K48: =IF(AND(I48<>"",J48<>""),I48*J48,"") | O48: Ordered | P48: HUNT | Q48: PO119952 | U48: =IF(T48<>"","Received",IF(AND(S48<>"",S48<TODAY()),"⚠ Overdue","On Track"))
A49: =IF(B49<>"",ROW()-2,"") | B49: 801239 | F49: =IF(AND(D49<>"",E49<>""),E49-D49,"") | G49: 7000-30-315 | H49: BRACKET PRESSURE SWITCH COVER | I49: 1 | J49: 11.64 | K49: =IF(AND(I49<>"",J49<>""),I49*J49,"") | O49: Ordered | P49: HUNT | Q49: PO119953 | U49: =IF(T49<>"","Received",IF(AND(S49<>"",S49<TODAY()),"⚠ Overdue","On Track"))
A50: =IF(B50<>"",ROW()-2,"") | B50: 801240 | F50: =IF(AND(D50<>"",E50<>""),E50-D50,"") | G50: 7000-30-315 | H50: BRACKET PRESSURE SWITCH COVER | I50: 1 | J50: 11.64 | K50: =IF(AND(I50<>"",J50<>""),I50*J50,"") | O50: Ordered | P50: HUNT | Q50: PO119954 | U50: =IF(T50<>"","Received",IF(AND(S50<>"",S50<TODAY()),"⚠ Overdue","On Track"))
A51: =IF(B51<>"",ROW()-2,"") | B51: 801281 | F51: =IF(AND(D51<>"",E51<>""),E51-D51,"") | G51: 7000-30-322 | H51: BRACKET METER SUPPORT BM400 | I51: 2 | K51: =IF(AND(I51<>"",J51<>""),I51*J51,"") | M51: saurabh | O51: Ordered | P51: HUNT | Q51: PO12055 | U51: =IF(T51<>"","Received",IF(AND(S51<>"",S51<TODAY()),"⚠ Overdue","On Track"))
A52: =IF(B52<>"",ROW()-2,"") | B52: 801281 | F52: =IF(AND(D52<>"",E52<>""),E52-D52,"") | G52: 7000-30-325 | H52: BRACKET BALL VALVE MOUNT 6" RH | I52: 1 | K52: =IF(AND(I52<>"",J52<>""),I52*J52,"") | M52: saurabh | O52: Ordered | P52: HUNT | Q52: PO12055 | U52: =IF(T52<>"","Received",IF(AND(S52<>"",S52<TODAY()),"⚠ Overdue","On Track"))
A53: =IF(B53<>"",ROW()-2,"") | B53: 801281 | F53: =IF(AND(D53<>"",E53<>""),E53-D53,"") | G53: 7000-30-326 | H53: BRACKET BALL VALVE MOUNT 6" LH | I53: 1 | K53: =IF(AND(I53<>"",J53<>""),I53*J53,"") | M53: saurabh | O53: Ordered | P53: HUNT | Q53: PO12055 | U53: =IF(T53<>"","Received",IF(AND(S53<>"",S53<TODAY()),"⚠ Overdue","On Track"))
A54: =IF(B54<>"",ROW()-2,"") | B54: 801281 | F54: =IF(AND(D54<>"",E54<>""),E54-D54,"") | G54: 7000-30-327 | H54: BRACKET ALJAC MOUNT | I54: 1 | K54: =IF(AND(I54<>"",J54<>""),I54*J54,"") | M54: saurabh | O54: Ordered | P54: HUNT | Q54: PO12055 | U54: =IF(T54<>"","Received",IF(AND(S54<>"",S54<TODAY()),"⚠ Overdue","On Track"))
A55: =IF(B55<>"",ROW()-2,"") | B55: 801281 | F55: =IF(AND(D55<>"",E55<>""),E55-D55,"") | G55: 7000-30-329 | H55: BRACKET CONTROL PANEL MOUNT | I55: 2 | K55: =IF(AND(I55<>"",J55<>""),I55*J55,"") | M55: saurabh | O55: Ordered | P55: HUNT | Q55: PO12055 | U55: =IF(T55<>"","Received",IF(AND(S55<>"",S55<TODAY()),"⚠ Overdue","On Track"))
A56: =IF(B56<>"",ROW()-2,"") | B56: 801281 | F56: =IF(AND(D56<>"",E56<>""),E56-D56,"") | G56: 7000-30-330 | H56: BRACKET BALL VALVE SUPPORT | I56: 1 | K56: =IF(AND(I56<>"",J56<>""),I56*J56,"") | M56: saurabh | O56: Ordered | P56: HUNT | Q56: PO12055 | U56: =IF(T56<>"","Received",IF(AND(S56<>"",S56<TODAY()),"⚠ Overdue","On Track"))
A57: =IF(B57<>"",ROW()-2,"") | B57: 801281 | F57: =IF(AND(D57<>"",E57<>""),E57-D57,"") | G57: 7000-41-24 | H57: BRACKET PUMP MOUNT 06C1-DA | I57: 1 | K57: =IF(AND(I57<>"",J57<>""),I57*J57,"") | M57: saurabh | O57: Ordered | P57: HUNT | Q57: PO12055 | U57: =IF(T57<>"","Received",IF(AND(S57<>"",S57<TODAY()),"⚠ Overdue","On Track"))
A58: =IF(B58<>"",ROW()-2,"") | B58: 801241 | F58: =IF(AND(D58<>"",E58<>""),E58-D58,"") | G58: 9300-01-114 | H58: Label - Air Tank Drain - ENGLISH ARABIC | I58: 1 | J58: 10 | K58: =IF(AND(I58<>"",J58<>""),I58*J58,"") | M58: Sri | O58: Ordered | P58: Niddrie | Q58: PO119955 | U58: =IF(T58<>"","Received",IF(AND(S58<>"",S58<TODAY()),"⚠ Overdue","On Track"))
A59: =IF(B59<>"",ROW()-2,"") | B59: 801241 | F59: =IF(AND(D59<>"",E59<>""),E59-D59,"") | G59: 9300-01-117 | H59: STICKER - BATTERY ISOLATOR OFF/ON - ENGLISH ARABIC | I59: 1 | J59: 10 | K59: =IF(AND(I59<>"",J59<>""),I59*J59,"") | M59: Sri | O59: Ordered | P59: Niddrie | Q59: PO119955 | U59: =IF(T59<>"","Received",IF(AND(S59<>"",S59<TODAY()),"⚠ Overdue","On Track"))
A60: =IF(B60<>"",ROW()-2,"") | B60: 801241 | F60: =IF(AND(D60<>"",E60<>""),E60-D60,"") | G60: 9300-01-119 | H60: STICKER - DRAIN AIR TANKS DAILY - ENGLISH ARABIC | I60: 1 | J60: 16 | K60: =IF(AND(I60<>"",J60<>""),I60*J60,"") | M60: Sri | O60: Ordered | P60: Niddrie | Q60: PO119955 | U60: =IF(T60<>"","Received",IF(AND(S60<>"",S60<TODAY()),"⚠ Overdue","On Track"))
A61: =IF(B61<>"",ROW()-2,"") | B61: 801241 | F61: =IF(AND(D61<>"",E61<>""),E61-D61,"") | G61: 9300-01-127 | H61: STICKER COLLECTOR TANK INSPECTED CLEANED DATE ENGLISH ARABIC | I61: 1 | J61: 20 | K61: =IF(AND(I61<>"",J61<>""),I61*J61,"") | M61: Sri | O61: Ordered | P61: Niddrie | Q61: PO119955 | U61: =IF(T61<>"","Received",IF(AND(S61<>"",S61<TODAY()),"⚠ Overdue","On Track"))
A62: =IF(B62<>"",ROW()-2,"") | B62: 801241 | F62: =IF(AND(D62<>"",E62<>""),E62-D62,"") | G62: 9300-01-130 | H62: LABEL - EMER. POWER STOP PUSH TO ACTIVATE - ENGLISH ARABIC | I62: 1 | J62: 10 | K62: =IF(AND(I62<>"",J62<>""),I62*J62,"") | M62: Sri | O62: Ordered | P62: Niddrie | Q62: PO119955 | U62: =IF(T62<>"","Received",IF(AND(S62<>"",S62<TODAY()),"⚠ Overdue","On Track"))
A63: =IF(B63<>"",ROW()-2,"") | B63: 801241 | F63: =IF(AND(D63<>"",E63<>""),E63-D63,"") | G63: 9300-01-132 | H63: LABEL WARNING DO NOT USE AS A STEP ENGLISH ARABIC | I63: 1 | J63: 80 | K63: =IF(AND(I63<>"",J63<>""),I63*J63,"") | M63: Sri | O63: Ordered | P63: Niddrie | Q63: PO119955 | U63: =IF(T63<>"","Received",IF(AND(S63<>"",S63<TODAY()),"⚠ Overdue","On Track"))
A64: =IF(B64<>"",ROW()-2,"") | B64: 801241 | F64: =IF(AND(D64<>"",E64<>""),E64-D64,"") | G64: 9300-01-133 | H64: LABEL - EMERGENCY STOP - ENGLISH ARABIC 80 x 35 | I64: 2 | J64: 10 | K64: =IF(AND(I64<>"",J64<>""),I64*J64,"") | M64: Sri | O64: Ordered | P64: Niddrie | Q64: PO119955 | U64: =IF(T64<>"","Received",IF(AND(S64<>"",S64<TODAY()),"⚠ Overdue","On Track"))
A65: =IF(B65<>"",ROW()-2,"") | B65: 801241 | F65: =IF(AND(D65<>"",E65<>""),E65-D65,"") | G65: 9300-01-134 | H65: LABEL FILTER VESSEL SHOW FLOW - ENGLISH ARABIC | I65: 1 | J65: 10 | K65: =IF(AND(I65<>"",J65<>""),I65*J65,"") | M65: Sri | O65: Ordered | P65: Niddrie | Q65: PO119955 | U65: =IF(T65<>"","Received",IF(AND(S65<>"",S65<TODAY()),"⚠ Overdue","On Track"))
A66: =IF(B66<>"",ROW()-2,"") | B66: 801241 | F66: =IF(AND(D66<>"",E66<>""),E66-D66,"") | G66: 9300-01-135 | H66: LABEL ALJAC SHOW FLOW - ENGLISH ARABIC | I66: 1 | J66: 10 | K66: =IF(AND(I66<>"",J66<>""),I66*J66,"") | M66: Sri | O66: Ordered | P66: Niddrie | Q66: PO119955 | U66: =IF(T66<>"","Received",IF(AND(S66<>"",S66<TODAY()),"⚠ Overdue","On Track"))
A67: =IF(B67<>"",ROW()-2,"") | B67: 801241 | F67: =IF(AND(D67<>"",E67<>""),E67-D67,"") | G67: 9300-01-136 | H67: LABEL - HYDRANT DISPENSER BALL VALVE OPEN/CLOSED - ENGLISH ARABIC | I67: 1 | J67: 10 | K67: =IF(AND(I67<>"",J67<>""),I67*J67,"") | M67: Sri | O67: Ordered | P67: Niddrie | Q67: PO119955 | U67: =IF(T67<>"","Received",IF(AND(S67<>"",S67<TODAY()),"⚠ Overdue","On Track"))
A68: =IF(B68<>"",ROW()-2,"") | B68: 801216 | F68: =IF(AND(D68<>"",E68<>""),E68-D68,"") | G68: 9300-01-137 | H68: LABEL THIS IS NOT A FILL POINT - ENGLISH ARABIC | I68: 1 | J68: 80 | K68: =IF(AND(I68<>"",J68<>""),I68*J68,"") | M68: Sri | O68: Ordered | P68: Niddrie | Q68: PO119955 | U68: =IF(T68<>"","Received",IF(AND(S68<>"",S68<TODAY()),"⚠ Overdue","On Track"))
A69: =IF(B69<>"",ROW()-2,"") | B69: 801217 | F69: =IF(AND(D69<>"",E69<>""),E69-D69,"") | G69: 9300-01-137 | H69: LABEL THIS IS NOT A FILL POINT - ENGLISH ARABIC | I69: 1 | J69: 80 | K69: =IF(AND(I69<>"",J69<>""),I69*J69,"") | M69: Sri | O69: Ordered | P69: Niddrie | Q69: PO119955 | U69: =IF(T69<>"","Received",IF(AND(S69<>"",S69<TODAY()),"⚠ Overdue","On Track"))
... A75: =IF(B75<>"",ROW()-2,"") | B75: 801240 | F75: =IF(AND(D75<>"",E75<>""),E75-D75,"") | G75: 9300-01-137 | H75: LABEL THIS IS NOT A FILL POINT - ENGLISH ARABIC | I75: 1 | J75: 80 | K75: =IF(AND(I75<>"",J75<>""),I75*J75,"") | M75: Sri | O75: Ordered | P75: Niddrie | Q75: PO119955 | U75: =IF(T75<>"","Received",IF(AND(S75<>"",S75<TODAY()),"⚠ Overdue","On Track"))
A76: =IF(B76<>"",ROW()-2,"") | B76: 801217 | F76: =IF(AND(D76<>"",E76<>""),E76-D76,"") | G76: BSPCRN025X020A | H76: HEXAGON REDUCING NIPPLE R25XR20 CL3000 BSP 316 | I76: 4 | J76: 31 | K76: =IF(AND(I76<>"",J76<>""),I76*J76,"") | O76: Ordered | P76: PROCHEM | Q76: PO120094 | U76: =IF(T76<>"","Received",IF(AND(S76<>"",S76<TODAY()),"⚠ Overdue","On Track"))
A77: =IF(B77<>"",ROW()-2,"") | B77: 801218 | F77: =IF(AND(D77<>"",E77<>""),E77-D77,"") | G77: BSPCRN025X020A | H77: HEXAGON REDUCING NIPPLE R25XR20 CL3000 BSP 317 | I77: 4 | J77: 31 | K77: =IF(AND(I77<>"",J77<>""),I77*J77,"") | O77: Ordered | P77: PROCHEM | Q77: PO120094 | U77: =IF(T77<>"","Received",IF(AND(S77<>"",S77<TODAY()),"⚠ Overdue","On Track"))
A78: =IF(B78<>"",ROW()-2,"") | B78: 801219 | F78: =IF(AND(D78<>"",E78<>""),E78-D78,"") | G78: BSPCRN025X020A | H78: HEXAGON REDUCING NIPPLE R25XR20 CL3000 BSP 318 | I78: 4 | J78: 31 | K78: =IF(AND(I78<>"",J78<>""),I78*J78,"") | O78: Ordered | P78: PROCHEM | Q78: PO120094 | U78: =IF(T78<>"","Received",IF(AND(S78<>"",S78<TODAY()),"⚠ Overdue","On Track"))
A79: =IF(B79<>"",ROW()-2,"") | B79: 801237 | F79: =IF(AND(D79<>"",E79<>""),E79-D79,"") | G79: BSPCRN025X020A | H79: HEXAGON REDUCING NIPPLE R25XR20 CL3000 BSP 319 | I79: 4 | J79: 31 | K79: =IF(AND(I79<>"",J79<>""),I79*J79,"") | O79: Ordered | P79: PROCHEM | Q79: PO120094 | U79: =IF(T79<>"","Received",IF(AND(S79<>"",S79<TODAY()),"⚠ Overdue","On Track"))
A80: =IF(B80<>"",ROW()-2,"") | B80: 801238 | F80: =IF(AND(D80<>"",E80<>""),E80-D80,"") | G80: BSPCRN025X020A | H80: HEXAGON REDUCING NIPPLE R25XR20 CL3000 BSP 320 | I80: 4 | J80: 31 | K80: =IF(AND(I80<>"",J80<>""),I80*J80,"") | O80: Ordered | P80: PROCHEM | Q80: PO120094 | U80: =IF(T80<>"","Received",IF(AND(S80<>"",S80<TODAY()),"⚠ Overdue","On Track"))
A81: =IF(B81<>"",ROW()-2,"") | B81: 801239 | F81: =IF(AND(D81<>"",E81<>""),E81-D81,"") | G81: BSPCRN025X020A | H81: HEXAGON REDUCING NIPPLE R25XR20 CL3000 BSP 321 | I81: 4 | J81: 31 | K81: =IF(AND(I81<>"",J81<>""),I81*J81,"") | O81: Ordered | P81: PROCHEM | Q81: PO120094 | U81: =IF(T81<>"","Received",IF(AND(S81<>"",S81<TODAY()),"⚠ Overdue","On Track"))
A82: =IF(B82<>"",ROW()-2,"") | B82: 801240 | F82: =IF(AND(D82<>"",E82<>""),E82-D82,"") | G82: BSPCRN025X020A | H82: HEXAGON REDUCING NIPPLE R25XR20 CL3000 BSP 322 | I82: 4 | J82: 31 | K82: =IF(AND(I82<>"",J82<>""),I82*J82,"") | O82: Ordered | P82: PROCHEM | Q82: PO120094 | U82: =IF(T82<>"","Received",IF(AND(S82<>"",S82<TODAY()),"⚠ Overdue","On Track"))
A83: =IF(B83<>"",ROW()-2,"") | B83: 801216 | F83: =IF(AND(D83<>"",E83<>""),E83-D83,"") | G83: CLY33 | H83: CHECKLINK 33MM YELLOW | I83: 60 | J83: 2.35 | K83: =IF(AND(I83<>"",J83<>""),I83*J83,"") | O83: Ordered | P83: CP SAFETY | Q83: PO119949 | U83: =IF(T83<>"","Received",IF(AND(S83<>"",S83<TODAY()),"⚠ Overdue","On Track"))
A84: =IF(B84<>"",ROW()-2,"") | B84: 801217 | F84: =IF(AND(D84<>"",E84<>""),E84-D84,"") | G84: CLY33 | H84: CHECKLINK 33MM YELLOW | I84: 60 | J84: 2.35 | K84: =IF(AND(I84<>"",J84<>""),I84*J84,"") | O84: Ordered | P84: CP SAFETY | Q84: PO119949 | U84: =IF(T84<>"","Received",IF(AND(S84<>"",S84<TODAY()),"⚠ Overdue","On Track"))
A85: =IF(B85<>"",ROW()-2,"") | B85: 801218 | F85: =IF(AND(D85<>"",E85<>""),E85-D85,"") | G85: CLY33 | H85: CHECKLINK 33MM YELLOW | I85: 60 | J85: 2.35 | K85: =IF(AND(I85<>"",J85<>""),I85*J85,"") | O85: Ordered | P85: CP SAFETY | Q85: PO119949 | U85: =IF(T85<>"","Received",IF(AND(S85<>"",S85<TODAY()),"⚠ Overdue","On Track"))
A86: =IF(B86<>"",ROW()-2,"") | B86: 801219 | F86: =IF(AND(D86<>"",E86<>""),E86-D86,"") | G86: CLY33 | H86: CHECKLINK 33MM YELLOW | I86: 60 | J86: 2.35 | K86: =IF(AND(I86<>"",J86<>""),I86*J86,"") | O86: Ordered | P86: CP SAFETY | Q86: PO119949 | U86: =IF(T86<>"","Received",IF(AND(S86<>"",S86<TODAY()),"⚠ Overdue","On Track"))
A87: =IF(B87<>"",ROW()-2,"") | B87: 801237 | F87: =IF(AND(D87<>"",E87<>""),E87-D87,"") | G87: CLY33 | H87: CHECKLINK 33MM YELLOW | I87: 60 | J87: 2.35 | K87: =IF(AND(I87<>"",J87<>""),I87*J87,"") | O87: Ordered | P87: CP SAFETY | Q87: PO119949 | U87: =IF(T87<>"","Received",IF(AND(S87<>"",S87<TODAY()),"⚠ Overdue","On Track"))
... A98: =IF(B98<>"",ROW()-2,"") | B98: 801240 | F98: =IF(AND(D98<>"",E98<>""),E98-D98,"") | G98: CP34Y | H98: WHEEL LOCK INDICATOR 34MM | I98: 40 | J98: 0.95 | K98: =IF(AND(I98<>"",J98<>""),I98*J98,"") | O98: Ordered | P98: CP SAFETY | Q98: PO119949 | U98: =IF(T98<>"","Received",IF(AND(S98<>"",S98<TODAY()),"⚠ Overdue","On Track"))
A99: =IF(B99<>"",ROW()-2,"") | B99: 801252 | F99: =IF(AND(D99<>"",E99<>""),E99-D99,"") | G99: G7580 8 | H99: Technopolymer Fitting Tube To Tube Connector 8mm Tube | I99: 2 | J99: 2.71 | K99: =IF(AND(I99<>"",J99<>""),I99*J99,"") | M99: Sri | O99: Ordered | P99: Net Automation | Q99: PO120150 | U99: =IF(T99<>"","Received",IF(AND(S99<>"",S99<TODAY()),"⚠ Overdue","On Track"))
A100: =IF(B100<>"",ROW()-2,"") | B100: 801253 | F100: =IF(AND(D100<>"",E100<>""),E100-D100,"") | G100: G7580 8 | H100: Technopolymer Fitting Tube To Tube Connector 8mm Tube | I100: 2 | J100: 2.71 | K100: =IF(AND(I100<>"",J100<>""),I100*J100,"") | M100: Sri | O100: Ordered | P100: Net Automation | Q100: PO120150 | U100: =IF(T100<>"","Received",IF(AND(S100<>"",S100<TODAY()),"⚠ Overdue","On Track"))
A101: =IF(B101<>"",ROW()-2,"") | B101: 801254 | F101: =IF(AND(D101<>"",E101<>""),E101-D101,"") | G101: G7580 8 | H101: Technopolymer Fitting Tube To Tube Connector 8mm Tube | I101: 2 | J101: 2.71 | K101: =IF(AND(I101<>"",J101<>""),I101*J101,"") | M101: Sri | O101: Ordered | P101: Net Automation | Q101: PO120150 | U101: =IF(T101<>"","Received",IF(AND(S101<>"",S101<TODAY()),"⚠ Overdue","On Track"))
A102: =IF(B102<>"",ROW()-2,"") | B102: 801255 | F102: =IF(AND(D102<>"",E102<>""),E102-D102,"") | G102: G7580 8 | H102: Technopolymer Fitting Tube To Tube Connector 8mm Tube | I102: 2 | J102: 2.71 | K102: =IF(AND(I102<>"",J102<>""),I102*J102,"") | M102: Sri | O102: Ordered | P102: Net Automation | Q102: PO120150 | U102: =IF(T102<>"","Received",IF(AND(S102<>"",S102<TODAY()),"⚠ Overdue","On Track"))
A103: =IF(B103<>"",ROW()-2,"") | B103: 801257 | F103: =IF(AND(D103<>"",E103<>""),E103-D103,"") | G103: G7580 8 | H103: Technopolymer Fitting Tube To Tube Connector 8mm Tube | I103: 2 | J103: 2.71 | K103: =IF(AND(I103<>"",J103<>""),I103*J103,"") | M103: Sri | O103: Ordered | P103: Net Automation | Q103: PO120150 | U103: =IF(T103<>"","Received",IF(AND(S103<>"",S103<TODAY()),"⚠ Overdue","On Track"))
A104: =IF(B104<>"",ROW()-2,"") | B104: 801258 | F104: =IF(AND(D104<>"",E104<>""),E104-D104,"") | G104: G7580 8 | H104: Technopolymer Fitting Tube To Tube Connector 8mm Tube | I104: 2 | J104: 2.71 | K104: =IF(AND(I104<>"",J104<>""),I104*J104,"") | M104: Sri | O104: Ordered | P104: Net Automation | Q104: PO120150 | U104: =IF(T104<>"","Received",IF(AND(S104<>"",S104<TODAY()),"⚠ Overdue","On Track"))
A105: =IF(B105<>"",ROW()-2,"") | B105: 801259 | F105: =IF(AND(D105<>"",E105<>""),E105-D105,"") | G105: G7580 8 | H105: Technopolymer Fitting Tube To Tube Connector 8mm Tube | I105: 2 | J105: 2.71 | K105: =IF(AND(I105<>"",J105<>""),I105*J105,"") | M105: Sri | O105: Ordered | P105: Net Automation | Q105: PO120150 | U105: =IF(T105<>"","Received",IF(AND(S105<>"",S105<TODAY()),"⚠ Overdue","On Track"))
A106: =IF(B106<>"",ROW()-2,"") | B106: 801260 | F106: =IF(AND(D106<>"",E106<>""),E106-D106,"") | G106: G7580 8 | H106: Technopolymer Fitting Tube To Tube Connector 8mm Tube | I106: 2 | J106: 2.71 | K106: =IF(AND(I106<>"",J106<>""),I106*J106,"") | M106: Sri | O106: Ordered | P106: Net Automation | Q106: PO120150 | U106: =IF(T106<>"","Received",IF(AND(S106<>"",S106<TODAY()),"⚠ Overdue","On Track"))
A107: =IF(B107<>"",ROW()-2,"") | B107: 801216 | F107: =IF(AND(D107<>"",E107<>""),E107-D107,"") | G107: NA-IND-30715G | H107: 22MM RG INDICATOR REPL PXV | I107: 1 | J107: 140 | K107: =IF(AND(I107<>"",J107<>""),I107*J107,"") | O107: Ordered | P107: Net Automation | Q107: PO119961 | U107: =IF(T107<>"","Received",IF(AND(S107<>"",S107<TODAY()),"⚠ Overdue","On Track"))
A108: =IF(B108<>"",ROW()-2,"") | B108: 801217 | F108: =IF(AND(D108<>"",E108<>""),E108-D108,"") | G108: NA-IND-30715G | H108: 22MM RG INDICATOR REPL PXV | I108: 1 | J108: 140 | K108: =IF(AND(I108<>"",J108<>""),I108*J108,"") | O108: Ordered | P108: Net Automation | Q108: PO119961 | U108: =IF(T108<>"","Received",IF(AND(S108<>"",S108<TODAY()),"⚠ Overdue","On Track"))
A109: =IF(B109<>"",ROW()-2,"") | B109: 801218 | F109: =IF(AND(D109<>"",E109<>""),E109-D109,"") | G109: NA-IND-30715G | H109: 22MM RG INDICATOR REPL PXV | I109: 1 | J109: 140 | K109: =IF(AND(I109<>"",J109<>""),I109*J109,"") | O109: Ordered | P109: Net Automation | Q109: PO119961 | U109: =IF(T109<>"","Received",IF(AND(S109<>"",S109<TODAY()),"⚠ Overdue","On Track"))
A110: =IF(B110<>"",ROW()-2,"") | B110: 801219 | F110: =IF(AND(D110<>"",E110<>""),E110-D110,"") | G110: NA-IND-30715G | H110: 22MM RG INDICATOR REPL PXV | I110: 1 | J110: 140 | K110: =IF(AND(I110<>"",J110<>""),I110*J110,"") | O110: Ordered | P110: Net Automation | Q110: PO119961 | U110: =IF(T110<>"","Received",IF(AND(S110<>"",S110<TODAY()),"⚠ Overdue","On Track"))
A111: =IF(B111<>"",ROW()-2,"") | B111: 801237 | F111: =IF(AND(D111<>"",E111<>""),E111-D111,"") | G111: NA-IND-30715G | H111: 22MM RG INDICATOR REPL PXV | I111: 1 | J111: 140 | K111: =IF(AND(I111<>"",J111<>""),I111*J111,"") | O111: Ordered | P111: Net Automation | Q111: PO119961 | U111: =IF(T111<>"","Received",IF(AND(S111<>"",S111<TODAY()),"⚠ Overdue","On Track"))
A112: =IF(B112<>"",ROW()-2,"") | B112: 801238 | F112: =IF(AND(D112<>"",E112<>""),E112-D112,"") | G112: NA-IND-30715G | H112: 22MM RG INDICATOR REPL PXV | I112: 1 | J112: 140 | K112: =IF(AND(I112<>"",J112<>""),I112*J112,"") | O112: Ordered | P112: Net Automation | Q112: PO119961 | U112: =IF(T112<>"","Received",IF(AND(S112<>"",S112<TODAY()),"⚠ Overdue","On Track"))
A113: =IF(B113<>"",ROW()-2,"") | B113: 801239 | F113: =IF(AND(D113<>"",E113<>""),E113-D113,"") | G113: NA-IND-30715G | H113: 22MM RG INDICATOR REPL PXV | I113: 1 | J113: 140 | K113: =IF(AND(I113<>"",J113<>""),I113*J113,"") | O113: Ordered | P113: Net Automation | Q113: PO119961 | U113: =IF(T113<>"","Received",IF(AND(S113<>"",S113<TODAY()),"⚠ Overdue","On Track"))
A114: =IF(B114<>"",ROW()-2,"") | B114: 801240 | F114: =IF(AND(D114<>"",E114<>""),E114-D114,"") | G114: NA-IND-30715G | H114: 22MM RG INDICATOR REPL PXV | I114: 1 | J114: 140 | K114: =IF(AND(I114<>"",J114<>""),I114*J114,"") | O114: Ordered | P114: Net Automation | Q114: PO119961 | U114: =IF(T114<>"","Received",IF(AND(S114<>"",S114<TODAY()),"⚠ Overdue","On Track"))
A115: =IF(B115<>"",ROW()-2,"") | B115: 801215 | F115: =IF(AND(D115<>"",E115<>""),E115-D115,"") | G115: PS7-4 | H115: LADDER | I115: 1 | J115: 140 | K115: =IF(AND(I115<>"",J115<>""),I115*J115,"") | O115: Ordered | P115: Net Automation | Q115: PO119961 | U115: =IF(T115<>"","Received",IF(AND(S115<>"",S115<TODAY()),"⚠ Overdue","On Track"))
A116: =IF(B116<>"",ROW()-2,"") | B116: 801216 | F116: =IF(AND(D116<>"",E116<>""),E116-D116,"") | G116: SKGPMT | H116: SPILL KIT 25L | I116: 1 | J116: 85.13 | K116: =IF(AND(I116<>"",J116<>""),I116*J116,"") | O116: Ordered | P116: GLOBAL SPILL CONTROL | Q116: PO117056 | U116: =IF(T116<>"","Received",IF(AND(S116<>"",S116<TODAY()),"⚠ Overdue","On Track"))
...

Sheet Job Summary
A1: Job Summary — BOM Post-Release Additions | H1: Auto-calculated
A2: Job No. | B2: Job Description | C2: BOM Release Date | D2: # Additions | E2: Total Cost Impact | F2: Items Pending | G2: Items Ordered | H2: Items Received | I2: Notes
A3: 801253 | B3: Aviation Refueller — Unit A | C3: 46217 | D3: =COUNTIF('BOM Additions'!B$4:B$153,A3) | E3: =SUMIF('BOM Additions'!B$4:B$153,A3,'BOM Additions'!K$4:K$153) | F3: =COUNTIFS('BOM Additions'!B$4:B$153,A3,'BOM Additions'!O$4:O$153,"Pending") | G3: =COUNTIFS('BOM Additions'!B$4:B$153,A3,'BOM Additions'!O$4:O$153,"PO Raised")+COUNTIFS('BOM Additions'!B$4:B$153,A3,'BOM Additions'!O$4:O$153,"Ordered") | H3: =COUNTIFS('BOM Additions'!B$4:B$153,A3,'BOM Additions'!O$4:O$153,"Complete")
A4: 801254 | B4: Aviation Refueller Mk4 | C4: 46231 | D4: =COUNTIF('BOM Additions'!B$4:B$153,A4) | E4: =SUMIF('BOM Additions'!B$4:B$153,A4,'BOM Additions'!K$4:K$153) | F4: =COUNTIFS('BOM Additions'!B$4:B$153,A4,'BOM Additions'!O$4:O$153,"Pending") | G4: =COUNTIFS('BOM Additions'!B$4:B$153,A4,'BOM Additions'!O$4:O$153,"PO Raised")+COUNTIFS('BOM Additions'!B$4:B$153,A4,'BOM Additions'!O$4:O$153,"Ordered") | H4: =COUNTIFS('BOM Additions'!B$4:B$153,A4,'BOM Additions'!O$4:O$153,"Complete")
A5: 801256 | B5: Fuel Tanker — Rear Config | C5: 46224 | D5: =COUNTIF('BOM Additions'!B$4:B$153,A5) | E5: =SUMIF('BOM Additions'!B$4:B$153,A5,'BOM Additions'!K$4:K$153) | F5: =COUNTIFS('BOM Additions'!B$4:B$153,A5,'BOM Additions'!O$4:O$153,"Pending") | G5: =COUNTIFS('BOM Additions'!B$4:B$153,A5,'BOM Additions'!O$4:O$153,"PO Raised")+COUNTIFS('BOM Additions'!B$4:B$153,A5,'BOM Additions'!O$4:O$153,"Ordered") | H5: =COUNTIFS('BOM Additions'!B$4:B$153,A5,'BOM Additions'!O$4:O$153,"Complete")
A6: 801257 | B6: Fuel Tanker — Std Config | C6: 46224 | D6: =COUNTIF('BOM Additions'!B$4:B$153,A6) | E6: =SUMIF('BOM Additions'!B$4:B$153,A6,'BOM Additions'!K$4:K$153) | F6: =COUNTIFS('BOM Additions'!B$4:B$153,A6,'BOM Additions'!O$4:O$153,"Pending") | G6: =COUNTIFS('BOM Additions'!B$4:B$153,A6,'BOM Additions'!O$4:O$153,"PO Raised")+COUNTIFS('BOM Additions'!B$4:B$153,A6,'BOM Additions'!O$4:O$153,"Ordered") | H6: =COUNTIFS('BOM Additions'!B$4:B$153,A6,'BOM Additions'!O$4:O$153,"Complete")
A7: 801258 | B7: Aviation Refueller — Unit B | C7: 46231 | D7: =COUNTIF('BOM Additions'!B$4:B$153,A7) | E7: =SUMIF('BOM Additions'!B$4:B$153,A7,'BOM Additions'!K$4:K$153) | F7: =COUNTIFS('BOM Additions'!B$4:B$153,A7,'BOM Additions'!O$4:O$153,"Pending") | G7: =COUNTIFS('BOM Additions'!B$4:B$153,A7,'BOM Additions'!O$4:O$153,"PO Raised")+COUNTIFS('BOM Additions'!B$4:B$153,A7,'BOM Additions'!O$4:O$153,"Ordered") | H7: =COUNTIFS('BOM Additions'!B$4:B$153,A7,'BOM Additions'!O$4:O$153,"Complete")
A8: 801215 | D8: =COUNTIF('BOM Additions'!B$4:B$153,A8) | E8: =SUMIF('BOM Additions'!B$4:B$153,A8,'BOM Additions'!K$4:K$153) | F8: =COUNTIFS('BOM Additions'!B$4:B$153,A8,'BOM Additions'!O$4:O$153,"Pending") | G8: =COUNTIFS('BOM Additions'!B$4:B$153,A8,'BOM Additions'!O$4:O$153,"PO Raised")+COUNTIFS('BOM Additions'!B$4:B$153,A8,'BOM Additions'!O$4:O$153,"Ordered") | H8: =COUNTIFS('BOM Additions'!B$4:B$153,A8,'BOM Additions'!O$4:O$153,"Complete")
A9: 801216 | D9: =COUNTIF('BOM Additions'!B$4:B$153,A9) | E9: =SUMIF('BOM Additions'!B$4:B$153,A9,'BOM Additions'!K$4:K$153) | F9: =COUNTIFS('BOM Additions'!B$4:B$153,A9,'BOM Additions'!O$4:O$153,"Pending") | G9: =COUNTIFS('BOM Additions'!B$4:B$153,A9,'BOM Additions'!O$4:O$153,"PO Raised")+COUNTIFS('BOM Additions'!B$4:B$153,A9,'BOM Additions'!O$4:O$153,"Ordered") | H9: =COUNTIFS('BOM Additions'!B$4:B$153,A9,'BOM Additions'!O$4:O$153,"Complete")
A10: 801217 | D10: =COUNTIF('BOM Additions'!B$4:B$153,A10) | E10: =SUMIF('BOM Additions'!B$4:B$153,A10,'BOM Additions'!K$4:K$153) | F10: =COUNTIFS('BOM Additions'!B$4:B$153,A10,'BOM Additions'!O$4:O$153,"Pending") | G10: =COUNTIFS('BOM Additions'!B$4:B$153,A10,'BOM Additions'!O$4:O$153,"PO Raised")+COUNTIFS('BOM Additions'!B$4:B$153,A10,'BOM Additions'!O$4:O$153,"Ordered") | H10: =COUNTIFS('BOM Additions'!B$4:B$153,A10,'BOM Additions'!O$4:O$153,"Complete")
A11: 801218 | D11: =COUNTIF('BOM Additions'!B$4:B$153,A11) | E11: =SUMIF('BOM Additions'!B$4:B$153,A11,'BOM Additions'!K$4:K$153) | F11: =COUNTIFS('BOM Additions'!B$4:B$153,A11,'BOM Additions'!O$4:O$153,"Pending") | G11: =COUNTIFS('BOM Additions'!B$4:B$153,A11,'BOM Additions'!O$4:O$153,"PO Raised")+COUNTIFS('BOM Additions'!B$4:B$153,A11,'BOM Additions'!O$4:O$153,"Ordered") | H11: =COUNTIFS('BOM Additions'!B$4:B$153,A11,'BOM Additions'!O$4:O$153,"Complete")
A12: 801219 | D12: =COUNTIF('BOM Additions'!B$4:B$153,A12) | E12: =SUMIF('BOM Additions'!B$4:B$153,A12,'BOM Additions'!K$4:K$153) | F12: =COUNTIFS('BOM Additions'!B$4:B$153,A12,'BOM Additions'!O$4:O$153,"Pending") | G12: =COUNTIFS('BOM Additions'!B$4:B$153,A12,'BOM Additions'!O$4:O$153,"PO Raised")+COUNTIFS('BOM Additions'!B$4:B$153,A12,'BOM Additions'!O$4:O$153,"Ordered") | H12: =COUNTIFS('BOM Additions'!B$4:B$153,A12,'BOM Additions'!O$4:O$153,"Complete")
A13: 801235 | D13: =COUNTIF('BOM Additions'!B$4:B$153,A13) | E13: =SUMIF('BOM Additions'!B$4:B$153,A13,'BOM Additions'!K$4:K$153) | F13: =COUNTIFS('BOM Additions'!B$4:B$153,A13,'BOM Additions'!O$4:O$153,"Pending") | G13: =COUNTIFS('BOM Additions'!B$4:B$153,A13,'BOM Additions'!O$4:O$153,"PO Raised")+COUNTIFS('BOM Additions'!B$4:B$153,A13,'BOM Additions'!O$4:O$153,"Ordered") | H13: =COUNTIFS('BOM Additions'!B$4:B$153,A13,'BOM Additions'!O$4:O$153,"Complete")
A14: 801236 | D14: =COUNTIF('BOM Additions'!B$4:B$153,A14) | E14: =SUMIF('BOM Additions'!B$4:B$153,A14,'BOM Additions'!K$4:K$153) | F14: =COUNTIFS('BOM Additions'!B$4:B$153,A14,'BOM Additions'!O$4:O$153,"Pending") | G14: =COUNTIFS('BOM Additions'!B$4:B$153,A14,'BOM Additions'!O$4:O$153,"PO Raised")+COUNTIFS('BOM Additions'!B$4:B$153,A14,'BOM Additions'!O$4:O$153,"Ordered") | H14: =COUNTIFS('BOM Additions'!B$4:B$153,A14,'BOM Additions'!O$4:O$153,"Complete")
A15: 801237 | D15: =COUNTIF('BOM Additions'!B$4:B$153,A15) | E15: =SUMIF('BOM Additions'!B$4:B$153,A15,'BOM Additions'!K$4:K$153) | F15: =COUNTIFS('BOM Additions'!B$4:B$153,A15,'BOM Additions'!O$4:O$153,"Pending") | G15: =COUNTIFS('BOM Additions'!B$4:B$153,A15,'BOM Additions'!O$4:O$153,"PO Raised")+COUNTIFS('BOM Additions'!B$4:B$153,A15,'BOM Additions'!O$4:O$153,"Ordered") | H15: =COUNTIFS('BOM Additions'!B$4:B$153,A15,'BOM Additions'!O$4:O$153,"Complete")
A16: 801238 | D16: =COUNTIF('BOM Additions'!B$4:B$153,A16) | E16: =SUMIF('BOM Additions'!B$4:B$153,A16,'BOM Additions'!K$4:K$153) | F16: =COUNTIFS('BOM Additions'!B$4:B$153,A16,'BOM Additions'!O$4:O$153,"Pending") | G16: =COUNTIFS('BOM Additions'!B$4:B$153,A16,'BOM Additions'!O$4:O$153,"PO Raised")+COUNTIFS('BOM Additions'!B$4:B$153,A16,'BOM Additions'!O$4:O$153,"Ordered") | H16: =COUNTIFS('BOM Additions'!B$4:B$153,A16,'BOM Additions'!O$4:O$153,"Complete")
A17: 801239 | D17: =COUNTIF('BOM Additions'!B$4:B$153,A17) | E17: =SUMIF('BOM Additions'!B$4:B$153,A17,'BOM Additions'!K$4:K$153) | F17: =COUNTIFS('BOM Additions'!B$4:B$153,A17,'BOM Additions'!O$4:O$153,"Pending") | G17: =COUNTIFS('BOM Additions'!B$4:B$153,A17,'BOM Additions'!O$4:O$153,"PO Raised")+COUNTIFS('BOM Additions'!B$4:B$153,A17,'BOM Additions'!O$4:O$153,"Ordered") | H17: =COUNTIFS('BOM Additions'!B$4:B$153,A17,'BOM Additions'!O$4:O$153,"Complete")
A18: 801240 | D18: =COUNTIF('BOM Additions'!B$4:B$153,A18) | E18: =SUMIF('BOM Additions'!B$4:B$153,A18,'BOM Additions'!K$4:K$153) | F18: =COUNTIFS('BOM Additions'!B$4:B$153,A18,'BOM Additions'!O$4:O$153,"Pending") | G18: =COUNTIFS('BOM Additions'!B$4:B$153,A18,'BOM Additions'!O$4:O$153,"PO Raised")+COUNTIFS('BOM Additions'!B$4:B$153,A18,'BOM Additions'!O$4:O$153,"Ordered") | H18: =COUNTIFS('BOM Additions'!B$4:B$153,A18,'BOM Additions'!O$4:O$153,"Complete")
A19: 801241 | D19: =COUNTIF('BOM Additions'!B$4:B$153,A19) | E19: =SUMIF('BOM Additions'!B$4:B$153,A19,'BOM Additions'!K$4:K$153) | F19: =COUNTIFS('BOM Additions'!B$4:B$153,A19,'BOM Additions'!O$4:O$153,"Pending") | G19: =COUNTIFS('BOM Additions'!B$4:B$153,A19,'BOM Additions'!O$4:O$153,"PO Raised")+COUNTIFS('BOM Additions'!B$4:B$153,A19,'BOM Additions'!O$4:O$153,"Ordered") | H19: =COUNTIFS('BOM Additions'!B$4:B$153,A19,'BOM Additions'!O$4:O$153,"Complete")
... A27: 801281 | D27: =COUNTIF('BOM Additions'!B$4:B$153,A27) | E27: =SUMIF('BOM Additions'!B$4:B$153,A27,'BOM Additions'!K$4:K$153) | F27: =COUNTIFS('BOM Additions'!B$4:B$153,A27,'BOM Additions'!O$4:O$153,"Pending") | G27: =COUNTIFS('BOM Additions'!B$4:B$153,A27,'BOM Additions'!O$4:O$153,"PO Raised")+COUNTIFS('BOM Additions'!B$4:B$153,A27,'BOM Additions'!O$4:O$153,"Ordered") | H27: =COUNTIFS('BOM Additions'!B$4:B$153,A27,'BOM Additions'!O$4:O$153,"Complete")

Sheet Reference
A1: Reason Code | B1: Procurement Status | C1: Why was this part added after BOM release?
A2: Engineering Change | B2: Pending | C2: Design was updated after BOM issued
A3: Customer Request | B3: PO Raised | C3: Customer requested additional item
A4: Error / Omission | B4: Ordered | C4: Part missing from original BOM
A5: Design Update | B5: Partial Receipt | C5: Internal design revision
A6: Substitution | B6: Complete | C6: Original part replaced with equivalent
A7: Additional Scope | B7: Cancelled | C7: Scope increased after release
A8: Other | C8: Document reason in Notes column

Sheet Monthly Trend
A1: Monthly BOM Additions — Value & Quantity | E1: Auto from BOM Additions
A2: Month | B2: Month Start | C2: # Additions | D2: Total Value (AUD) | E2: Avg Value / Add. | F2: Running Total AUD
A3: Jan-26 | B3: 46023 | C3: =SUMPRODUCT((YEAR('BOM Additions'!$E$3:$E$53)=YEAR($B3))*(MONTH('BOM Additions'!$E$3:$E$53)=MONTH($B3))*ISNUMBER('BOM Additions'!$E$3:$E$53)*1) | D3: =SUMPRODUCT((YEAR('BOM Additions'!$E$3:$E$53)=YEAR($B3))*(MONTH('BOM Additions'!$E$3:$E$53)=MONTH($B3))*ISNUMBER('BOM Additions'!$E$3:$E$53)*('BOM Additions'!$K$3:$K$53)) | E3: =IF(C3=0,"",D3/C3) | F3: =D3
A4: Feb-26 | B4: 46054 | C4: =SUMPRODUCT((YEAR('BOM Additions'!$E$3:$E$53)=YEAR($B4))*(MONTH('BOM Additions'!$E$3:$E$53)=MONTH($B4))*ISNUMBER('BOM Additions'!$E$3:$E$53)*1) | D4: =SUMPRODUCT((YEAR('BOM Additions'!$E$3:$E$53)=YEAR($B4))*(MONTH('BOM Additions'!$E$3:$E$53)=MONTH($B4))*ISNUMBER('BOM Additions'!$E$3:$E$53)*('BOM Additions'!$K$3:$K$53)) | E4: =IF(C4=0,"",D4/C4) | F4: =F3+D4
A5: Mar-26 | B5: 46082 | C5: =SUMPRODUCT((YEAR('BOM Additions'!$E$3:$E$53)=YEAR($B5))*(MONTH('BOM Additions'!$E$3:$E$53)=MONTH($B5))*ISNUMBER('BOM Additions'!$E$3:$E$53)*1) | D5: =SUMPRODUCT((YEAR('BOM Additions'!$E$3:$E$53)=YEAR($B5))*(MONTH('BOM Additions'!$E$3:$E$53)=MONTH($B5))*ISNUMBER('BOM Additions'!$E$3:$E$53)*('BOM Additions'!$K$3:$K$53)) | E5: =IF(C5=0,"",D5/C5) | F5: =F4+D5
A6: Apr-26 | B6: 46113 | C6: =SUMPRODUCT((YEAR('BOM Additions'!$E$3:$E$53)=YEAR($B6))*(MONTH('BOM Additions'!$E$3:$E$53)=MONTH($B6))*ISNUMBER('BOM Additions'!$E$3:$E$53)*1) | D6: =SUMPRODUCT((YEAR('BOM Additions'!$E$3:$E$53)=YEAR($B6))*(MONTH('BOM Additions'!$E$3:$E$53)=MONTH($B6))*ISNUMBER('BOM Additions'!$E$3:$E$53)*('BOM Additions'!$K$3:$K$53)) | E6: =IF(C6=0,"",D6/C6) | F6: =F5+D6
A7: May-26 | B7: 46143 | C7: =SUMPRODUCT((YEAR('BOM Additions'!$E$3:$E$53)=YEAR($B7))*(MONTH('BOM Additions'!$E$3:$E$53)=MONTH($B7))*ISNUMBER('BOM Additions'!$E$3:$E$53)*1) | D7: =SUMPRODUCT((YEAR('BOM Additions'!$E$3:$E$53)=YEAR($B7))*(MONTH('BOM Additions'!$E$3:$E$53)=MONTH($B7))*ISNUMBER('BOM Additions'!$E$3:$E$53)*('BOM Additions'!$K$3:$K$53)) | E7: =IF(C7=0,"",D7/C7) | F7: =F6+D7
A8: Jun-26 | B8: 46174 | C8: =SUMPRODUCT((YEAR('BOM Additions'!$E$3:$E$53)=YEAR($B8))*(MONTH('BOM Additions'!$E$3:$E$53)=MONTH($B8))*ISNUMBER('BOM Additions'!$E$3:$E$53)*1) | D8: =SUMPRODUCT((YEAR('BOM Additions'!$E$3:$E$53)=YEAR($B8))*(MONTH('BOM Additions'!$E$3:$E$53)=MONTH($B8))*ISNUMBER('BOM Additions'!$E$3:$E$53)*('BOM Additions'!$K$3:$K$53)) | E8: =IF(C8=0,"",D8/C8) | F8: =F7+D8
A9: Jul-26 | B9: 46204 | C9: =SUMPRODUCT((YEAR('BOM Additions'!$E$3:$E$53)=YEAR($B9))*(MONTH('BOM Additions'!$E$3:$E$53)=MONTH($B9))*ISNUMBER('BOM Additions'!$E$3:$E$53)*1) | D9: =SUMPRODUCT((YEAR('BOM Additions'!$E$3:$E$53)=YEAR($B9))*(MONTH('BOM Additions'!$E$3:$E$53)=MONTH($B9))*ISNUMBER('BOM Additions'!$E$3:$E$53)*('BOM Additions'!$K$3:$K$53)) | E9: =IF(C9=0,"",D9/C9) | F9: =F8+D9
A10: Aug-26 | B10: 46235 | C10: =SUMPRODUCT((YEAR('BOM Additions'!$E$3:$E$53)=YEAR($B10))*(MONTH('BOM Additions'!$E$3:$E$53)=MONTH($B10))*ISNUMBER('BOM Additions'!$E$3:$E$53)*1) | D10: =SUMPRODUCT((YEAR('BOM Additions'!$E$3:$E$53)=YEAR($B10))*(MONTH('BOM Additions'!$E$3:$E$53)=MONTH($B10))*ISNUMBER('BOM Additions'!$E$3:$E$53)*('BOM Additions'!$K$3:$K$53)) | E10: =IF(C10=0,"",D10/C10) | F10: =F9+D10
A11: Sep-26 | B11: 46266 | C11: =SUMPRODUCT((YEAR('BOM Additions'!$E$3:$E$53)=YEAR($B11))*(MONTH('BOM Additions'!$E$3:$E$53)=MONTH($B11))*ISNUMBER('BOM Additions'!$E$3:$E$53)*1) | D11: =SUMPRODUCT((YEAR('BOM Additions'!$E$3:$E$53)=YEAR($B11))*(MONTH('BOM Additions'!$E$3:$E$53)=MONTH($B11))*ISNUMBER('BOM Additions'!$E$3:$E$53)*('BOM Additions'!$K$3:$K$53)) | E11: =IF(C11=0,"",D11/C11) | F11: =F10+D11
A12: Oct-26 | B12: 46296 | C12: =SUMPRODUCT((YEAR('BOM Additions'!$E$3:$E$53)=YEAR($B12))*(MONTH('BOM Additions'!$E$3:$E$53)=MONTH($B12))*ISNUMBER('BOM Additions'!$E$3:$E$53)*1) | D12: =SUMPRODUCT((YEAR('BOM Additions'!$E$3:$E$53)=YEAR($B12))*(MONTH('BOM Additions'!$E$3:$E$53)=MONTH($B12))*ISNUMBER('BOM Additions'!$E$3:$E$53)*('BOM Additions'!$K$3:$K$53)) | E12: =IF(C12=0,"",D12/C12) | F12: =F11+D12
A13: Nov-26 | B13: 46327 | C13: =SUMPRODUCT((YEAR('BOM Additions'!$E$3:$E$53)=YEAR($B13))*(MONTH('BOM Additions'!$E$3:$E$53)=MONTH($B13))*ISNUMBER('BOM Additions'!$E$3:$E$53)*1) | D13: =SUMPRODUCT((YEAR('BOM Additions'!$E$3:$E$53)=YEAR($B13))*(MONTH('BOM Additions'!$E$3:$E$53)=MONTH($B13))*ISNUMBER('BOM Additions'!$E$3:$E$53)*('BOM Additions'!$K$3:$K$53)) | E13: =IF(C13=0,"",D13/C13) | F13: =F12+D13
A14: Dec-26 | B14: 46357 | C14: =SUMPRODUCT((YEAR('BOM Additions'!$E$3:$E$53)=YEAR($B14))*(MONTH('BOM Additions'!$E$3:$E$53)=MONTH($B14))*ISNUMBER('BOM Additions'!$E$3:$E$53)*1) | D14: =SUMPRODUCT((YEAR('BOM Additions'!$E$3:$E$53)=YEAR($B14))*(MONTH('BOM Additions'!$E$3:$E$53)=MONTH($B14))*ISNUMBER('BOM Additions'!$E$3:$E$53)*('BOM Additions'!$K$3:$K$53)) | E14: =IF(C14=0,"",D14/C14) | F14: =F13+D14
A15: Jan-27 | B15: 46388 | C15: =SUMPRODUCT((YEAR('BOM Additions'!$E$3:$E$53)=YEAR($B15))*(MONTH('BOM Additions'!$E$3:$E$53)=MONTH($B15))*ISNUMBER('BOM Additions'!$E$3:$E$53)*1) | D15: =SUMPRODUCT((YEAR('BOM Additions'!$E$3:$E$53)=YEAR($B15))*(MONTH('BOM Additions'!$E$3:$E$53)=MONTH($B15))*ISNUMBER('BOM Additions'!$E$3:$E$53)*('BOM Additions'!$K$3:$K$53)) | E15: =IF(C15=0,"",D15/C15) | F15: =F14+D15
A16: TOTALS | C16: =SUM(C3:C15) | D16: =SUM(D3:D15)
